<?xml version="1.0" encoding="UTF-8"?>
<beans xmlns="http://www.springframework.org/schema/beans"
	xmlns:xsi="http://www.w3.org/2001/XMLSchema-instance" xmlns:p="http://www.springframework.org/schema/p"
	xmlns:context="http://www.springframework.org/schema/context"
	xmlns:dubbo="http://code.alibabatech.com/schema/dubbo" 
	xmlns:mvc="http://www.springframework.org/schema/mvc"
	xsi:schemaLocation="http://www.springframework.org/schema/beans http://www.springframework.org/schema/beans/spring-beans-4.2.xsd
        http://www.springframework.org/schema/mvc http://www.springframework.org/schema/mvc/spring-mvc-4.2.xsd
        http://code.alibabatech.com/schema/dubbo http://code.alibabatech.com/schema/dubbo/dubbo.xsd
        http://www.springframework.org/schema/context http://www.springframework.org/schema/context/spring-context-4.2.xsd">

	<!-- 加载外部属性文件 -->
	<context:property-placeholder location="classpath:resource/resource.properties" />

	<context:component-scan base-package="com.itheima.sso.controller" />
	<mvc:annotation-driven />
	<bean
			class="org.springframework.web.servlet.view.InternalResourceViewResolver">
		<property name="prefix" value="/WEB-INF/jsp/" />
		<property name="suffix" value=".jsp" />
	</bean>

	<!-- 配置静态资源映射 -->
	<!-- 指定/WEB-INF/js/和/WEB-INF/css/下的所有的静态资源(包括子目录下的静态资源)都不被拦截 -->
	<!-- mapping=/js/**：表示访问静态资源的路径的形式，/js/**表示可以访问/js/下的静态资源或者所有的子目录下的静态资源 -->
	<!-- <mvc:resources location="/js/" mapping="/js/**"/>
	<mvc:resources location="/css/" mapping="/css/**"/> -->

	<!-- 引用Dubbo服务 -->
	<dubbo:application name="taotao-sso-web"/>
	<dubbo:registry protocol="zookeeper" address="192.168.81.131:2181"/>
	 <dubbo:reference interface="com.itheima.sso.service.UserRegisterService" id="userRegisterService" />

</beans>